,Unnamed: 0,start_time,end_time,start_area_id,end_area_id,start_lng,start_lat,end_lng,end_lat,start_poi_id,end_poi_id
1,1,02:28.9,11:18.3,43,238,-73.97782542,40.7734066,-73.968087,40.7919557,1191988,637982
2,2,02:56.1,27:44.3,142,179,-73.97898475,40.7770575,-73.9265474,40.7658346,635478,27947
5,5,05:50.2,21:11.5,143,239,-73.98918696,40.77515953,-73.9786517,40.7829391,635345,636612
8,8,10:05.9,24:30.9,113,113,-73.99490342,40.73143724,-73.99490342,40.73143724,184435,184435
16,16,16:30.2,43:22.4,13,256,-74.01322069,40.71754834,-73.95095259,40.70877084,587187,1189311
17,17,17:21.4,28:40.0,49,189,-73.959432,40.68186,-73.9680438,40.6794388,213868,609694
24,24,20:57.3,44:44.9,211,54,-74.000472,40.726378,-74.00242364,40.6859296,418663,201025
25,25,22:46.4,06:52.5,239,230,-73.9786517,40.7829391,-73.98452729,40.76068327,636612,627865
29,29,27:14.8,35:05.8,186,68,-73.993915,40.746647,-74.00149746,40.74177603,620526,618763
